asin,overall,reviewText,summary,unixReviewTime
B00BTIDXVU,4,bad first book still favorite book set several twist turn storyline know come back future book good read thing work ryne open next book set final chapter one kind know expect think marla go happy reading,Good book,1364083200
B00BTIDXVU,4,n't give five star first half n't enough wolf action plot become clear twist open could n't wait next chapter say enough end mary mention nickname open next book,Pretty good,1368921600
B00BTIDXVU,4,hat book book sort make book really wish author n't put tear jerker scein book wrong story line pretty good like author bring back character first book hat book n't worry read book book make decision,So much better then book 1,1393545600
B00BTIDXVU,5,book best read order easy understand plus book play last book must read series anyone like love wolf,Wolf-bark-bite,1380499200
B00BTIDXVU,5,simply outstanding full romance intrigue ca n't wait start err next one follow author,The Keeping,1366848000
B00BTIDXVU,4,make far mid point far five book series dont recommend get read one good write series tie together well make next one even well,Still enjoyable,1366502400
B00BTIDXVU,4,good book love author read book fact give book away really wonderful donate asks,The Keeping,1377734400
B00BTIDXVU,5,book excellent like ryne melody 's story well kane elise 's series keep get good,Another Winner !,1394236800
B00BTIDXVU,5,love mat totally love keep 'm intrigued werewolf book series far best read 've do kane ryne brilliant character thank nicky charles amaze book,Fantastic!,1372550400
B00BTIDXVU,5,like rest completely awesome page turn excitement could put love completely love,Awesome,1369267200
B00BTIDXVU,5,nicky charles know keep reader entertain hope series never end mention book free,ANOTHER GREAT BOOK,1397088000
B00BTIDXVU,5,book soooo good love ryne way story develop mat ca n't wait read find,Great follow up to the Mating,1379548800
B00BTIDXVU,5,really love mating book n't disappoint love drama villains suspense 's love great series,Love for Ryne and Melody,1368230400
B00BTIDXVU,5,mom get series doubt download book n't read mom say read 're really really good know right absolutely love series,Addicting,1367712000
B00BTIDXVU,5,wish could find forever time read book think great recommend family friend already,Awesome,1375488000
B00BTIDXVU,5,take bit longer read one get nitty gritty find one favorite series ca n't wait finish,Another great edition,1372809600
B00BTIDXVU,4,good plot line good character sexy men werewolf read whole series enjoy like werewolf try,Good series,1375660800
B00BTIDXVU,4,story get star however toss star opinion begin slow seem drag chapter maybe get point n't want put n't like ryne begin disturb thing melody n't think forgivable got book push mind pretend n't happen,A little slower then the others,1366243200
B00BTIDXVU,5,another great book continue saga great read entertain would like see book like one,Awesome,1395964800
B00BTIDXVU,5,big bad sexy ryne hmmm fall journalist fall anyone yeah right could,Search and Rescue,1377129600
B00BTIDXVU,5,even usual could hardly put book become addict book one irresistible yet nicky charles 's mind strange enjoyable place,Astounding,1390089600
B00BTIDXVU,5,begin end series wrap excitement intrigue combine humor recipe great book,Great book,1365120000
B00BTIDXVU,4,good book interest plot keep interested whole time like book revolve around extend family member 'm already familiar character,The keeping,1371859200
B00BTIDXVU,5,absolutely love book entire series look forward book follow series,Perfect,1369785600
B00BTIDXVU,5,enjoy story write nicky charles keep interested story line people n't go far field detail unimportant thing enjoy reading story,good story,1369612800
B00BTIDXVU,5,hooked series need stumble across book accident could n't stop till finish reread need book nicky charles,Loved IT!!,1391299200
B00BTIDXVU,5,read book order say book get well good never read anything like series love read werewolf n't first series 've read series top list romance n't kinky 's passionate full love think like believe mate meant forever fall love person choose someone catch attention nonetheless pretty much continuation series ca n't really tell people read book read entire series know turn mat keep read,I'll be KEEPING this book in my kindle forever!!!!!,1369353600
B00BTIDXVU,5,ca n't nicky charles book get involve character begin anticipate action pure joy,GREAT AUTHOR!!,1378252800
B00BTIDXVU,5,feel read book expert lycan law become honestly download first one curiosity never look back always think vampire fan nicky bring lycan lover love new old charachters book action involve,Couldn't put it down,1369958400
B00BTIDXVU,4,give book star typo several throughout book usual n't let distract nicky charles ' incredible story tell book grab swept away vivid world author 's imagination glue finish 'm sure family think lost good time another strong will female lead stubborn steamy male love wait read find,Another great story!,1366761600
B00BTIDXVU,4,liked author style story line new author glad one free order another,new type reading for me,1379030400
B00BTIDXVU,5,love book 's second series 'm look forward read recommend nicky book hope continue release book,The best book.,1377734400
B00BTIDXVU,5,love series keep turn page fast read great build story suspense great job,"Again, awesome",1376524800
B00BTIDXVU,4,never would think would enjoy book cousin well friend mine told series must say n't mislead try like might enjoy,Werewolves and Werebears...,1382659200
B00BTIDXVU,4,read first book series good follow good character book new one really like book recommend reading first one one,GREAT,1378598400
B00BTIDXVU,5,think book interest mix excite spoonful funny dash suspense love interaction character much love drama book lead delicious end even though go give spoiler want say fan mat much enjoy end 's go make want read next book suspensive make go though anyways recommend read book,Great book,1377907200
B00BTIDXVU,3,would much prefer author condense story book series one powerfully pack book book much alike scene,Okay book,1369785600
B00BTIDXVU,3,course mating well still good book really like love story part,Good Read,1370390400
B00BTIDXVU,4,ok series get well well next ca n't wait find cassie rayne establish pack get mate 's time see else go befall pack give series chance keep engage want,Smoking hot,1386806400
B00BTIDXVU,5,read book go werewolf ca n't wait read book great thanks nicky charles book rock,favorite author,1371340800
B00BTIDXVU,4,ryan strong alpha much hide leave mel love spunk get lady man settle adventure family tie bond great book reading series,Great Book,1390435200
B00BTIDXVU,3,ryne melody 's story interesting definitely good mating couple weird typo regard bar small town space necessary end old friend kinda lame cliched 'm still decide whether read next book claim want c book hot passionate sex scene lackluster character book may perfect,Not as good as The Mating..,1370131200
B00BTIDXVU,5,sexy asterisk mating hot still fan worthy ryne try corral protect brother 's pack show love loyalty norm everyone real life special group unselfishnes heartwarming read book suspenseful comical part aha moment go bond next,Non-conformist Were Society,1390089600
B00BTIDXVU,5,story ryne melody hook could n't put book thought great kane elise bring back story bryan start tell get series happy know book series,awesome,1394496000
B00BTIDXVU,5,nd book great st author keep guess way ca n't wait read next book series,Great book,1382313600
B00BTIDXVU,4,book well entire set wonderful book read would recomend anyone,Great book,1372636800
B00BTIDXVU,5,book give detail lycan law happen lycans expose character well form story line easy follow mystery end,Loved the book,1377216000
B00BTIDXVU,5,book captivate mat nicky charles ability put story able put book could believe extent ryne brother zane would go protect pack ca n't wait read book find,Book 2 - GREAT!!!!,1366329600
B00BTIDXVU,3,least favorite series still enjoy hard time connect character nice character book still would recommend get book stay story,least favorite,1370217600
B00BTIDXVU,5,great book great detail slow start good read great way keep series go,Wonderful story,1373500800
B00BTIDXVU,5,ryne elise 's story ryne set start pack elise hire interview stubborn reporter 's alpha secret hide uncover mystery endanger live romantic adventure begin enjoy plot book mat definite must read,Great sequel,1367020800
B00BTIDXVU,4,second book read series like gorgeous man candy mystery intrigue sex werewolves whole lot chemistry,INTRIGUING,1367452800
B00BTIDXVU,5,another great book well write quick read since already help rehab fr dog try give food toy read one book,a great read,1369094400
B00BTIDXVU,5,excite finally read rynes story great job ca n't wait next book come,Loved it!!,1371168000
B00BTIDXVU,5,well first think ok 's free lose even 's good quit read delete surprise series actually good time find skip paragraph two story drag bit heck 've do book cost money 'm complain series enjoyable read would gladly pay book,This is not the first book...must read in order to fully enjoy,1367280000
B00BTIDXVU,5,say nikky charles ' work besides miss keep another fantastic installment turn book keep go back little piece home heart,A one-click buy for sure!! Sensational read!!,1385596800
B00BTIDXVU,5,wonderful story keep entrance begin end look forward download next book sequence fabulously excite,The keeping,1380153600
B00BTIDXVU,5,love great love scene make laugh cry ca n't wait love book go together make want keep reading,The keeping (sequel to the mating),1366848000
B00BTIDXVU,3,werewolf meet feisty woman fall love act bipolar usual paranormal romance couple take much time fight get bit annoy favorite romance entertain,Solid werewolf story,1363996800
B00BTIDXVU,1,absolute law keep werewolf secret fail whole pack suicide walk around talk alpha mate pack public appear wolf form around woman investigate book lycanthropy livingroom comment write margin book accuracy attribute begging expose wipe family 's pack simply could n't finish bit stupidity also heroine even stupid usual heroine hero creep sneak heroine 's bedroom night meet fondle sleep honorable,WHAT A BIG DISAPPOINTMENT!,1366070400
B00BTIDXVU,4,enjoy book greatly liked series book 's story n't read every book maybe n't get first one book still make sense good,Read the whole series!,1366761600
B00BTIDXVU,5,enjoy book like enjoy first one go soap opera twist good loving,Read read read,1367452800
B00BTIDXVU,5,love series storyline character development excellent ca n't put book misspelling typos book high others 's okay,A great novel!!,1371686400
B00BTIDXVU,3,okay nicky creative thank write keep work may god continue bless m williams,The Keeping (Sequel to The Mating),1378684800
B00BTIDXVU,5,love book well actually love entire series get enough hot n sexy werewolf lol,Awesome,1366070400
B00BTIDXVU,4,story good mating kind harlequin romance sup sooped sex gee want werewolf sexy steamy compassionate protective man 's driven take care every way plus keep rodent vermin away house sign,Steamy sex scenes,1367712000
B00BTIDXVU,5,great book love wolf story full sexy wolf feisty heroine mel get hired find interview nature photographer idea ryne recently move small canadian town start pack ex really screw idea store greyson wealthy old man many secret one know store really love story great character excite story line ca n't wait read next one,love those wolves!,1393632000
B00BTIDXVU,5,figure way series go book really good read keep want read end disappoint,Love the series,1368057600
B00BTIDXVU,5,n't usually romance genre werewolf theme make decide give series try well worth,Great series,1373932800
B00BTIDXVU,5,read book say book worth read pick one read want read series great read,Wow,1401840000
B00BTIDXVU,5,great read couldnt put cant wait read next book series like catch previous book caracters,The Keeping,1392422400
B00BTIDXVU,5,wonderful excite keep read 's do 've read series thus far keep get well,amazing!,1381363200
B00BTIDXVU,4,let start say everyone else swoon read name ryne sound sexy dangerous exactly character novel really little bit everything love death excitement mystery heartbreak danger would describe best genre combine overall 's romance describe spicy reason n't give story perfect star score main love interest ryne never fully give win love romantic slightest somewhat disappointing true character basically say get book series seem get well well,"Lions, Tigers, and Werewolves. OH MY!",1395446400
B00BTIDXVU,3,arrange marriage mostly thing past put different perspective story enjoy prior book read next,interesting story line,1400716800
B00BTIDXVU,5,second book series 've read great author know put reader right middle action,Great book!,1384128000
B00BTIDXVU,3,n't try make much series 's fun read full sexy scene story continue still enjoyable certainly easy read,Fun reading,1369008000
B00BTIDXVU,5,enjoy reading book ca n't wait read next one book delight read keep hop see character first mingle rest character book interplay others big connection book happen yet ca n't wait find,I can't wait!,1365206400
B00BTIDXVU,4,interesting book good read think character well define wil continue buy book author,Good,1381276800
B00BTIDXVU,3,book good first usual find first book mating somewhat suspenseful book mostly repetitive say repetitive n't mean repeat first book also annoy rather repetitive character constantly think follow spoil anything give anything away choose read base information supply reader first second chapter reporter want interview ryne well several time book ryne talk thing reporter could enemy blah blah blah bet particular think something similar repeat four time throughout book 's like know reporter already n't keep tell u know 's attract know n't attract get story already te type thought occur reporter attract ryne thought jerk also repetitive conversation throughout book know book n't get really good way get point zip day take three week get n't interested read mat prequel book day highly recommend would suggest stop n't waste time keep end fairly good might continue read find right 'm move different series time may may come back series,Repetitive...,1376265600
B00BTIDXVU,4,pretty good really liked mating read one little slow free book really liked like end start read find book,prettygood,1370217600
B00BTIDXVU,4,awesome book love way series go together well one series could read good twilight book would love see movie tv show love,Wonderful,1370563200
B00BTIDXVU,4,'m really enjoy character turn story line series look forward read next book hope another book series 'm ready read something else yet,Fun to read!,1381968000
B00BTIDXVU,5,omg 'm happy book suggest friend fall love alpha pack nicky charles amaze author look forward read work,I'm hooked!,1396742400
B00BTIDXVU,5,author great style move story character bring life would recommend reading others,The Keeping,1380067200
B00BTIDXVU,5,book good first wait third one go read right,The Keeping,1367712000
B00BTIDXVU,3,process read book author far find good read book enjoyable one ryne melody quite spicy battle together fact previous character weave give continuity n't rat high lack 'zing ' write keep good read category away great read one nothing wrong especially since free still good story,A good read!,1367280000
B00BTIDXVU,5,love series thank nicky keep u date character series look great read awesome character look right ca n't wait start next book,The Keeping,1367712000
B00BTIDXVU,4,favorite book series story move along female character strong liked melody character curious afraid ask question put new situation without support group,Quick read that held my attention.,1376092800
B00BTIDXVU,5,read mat download keep nicky charles awesome author 's book grab story line 've download book,Great Sequel to The Mating!!!,1366070400
B00BTIDXVU,5,nicky charles never disappoint ryne taylor story interesting suspense good although believe never mate let say mel prove wrong love story,BellaCalma,1365465600
B00BTIDXVU,5,keep reading find happen disappointed like follow kane 's half brother story ryne still mention kane elise 's ryne melody 's story intertwining cassandra end like end idea twist cliff hanger type thing ca n't wait read next book series recommend read 's good story first course read mat help understand good 's go,another great book.,1395360000
B00BTIDXVU,5,great book love story people nice contact brother sister law would n't forget,The keeping,1372809600
B00BTIDXVU,4,find story entertain look forward read next series would recommend enjoy read supernatural story,Enjoyable,1388966400
B00BTIDXVU,5,love good wolf shifter story n't disappoint ca n't believe book free good story,Fab story,1398902400
B00BTIDXVU,5,strong second book werewolf series love world lycans nicky create many character live lycan human love rundown pack law hierarchy think excellent job describe people place without make tedious make whole story come alive jumping right next book series today thank nicky watching,Strong Sequel,1365638400
B00BTIDXVU,1,reason choose book free want refund wasting time story go everywhere nowhere n't character development n't care suddenly end mel werewolf uncle kill wait niece step daughter also werewolf save time complete waste,Too Boring to finish,1365897600
B00BTIDXVU,4,thos good well write book enjoy kind story enjoy much romance book read buti recommend sequel mating,the keeping,1368230400
B00BTIDXVU,5,love book think themating awesome ca n't stop reading book well ca n't wait next book trust book keep hook,The keeping,1364860800
B00BTIDXVU,5,could wait read loved way weave character together love story cop lifes priblems,awsome,1370131200
B00BTIDXVU,5,another great novel thank much nicky charles damiens next one please find love soon tie in previous book progression well love character heart wrench danger greatly enjoy think quote highlight share cultural mosaic v melt pot utterly deeply profound beautiful nugget wisdom well say even dense understand 's new favorite quote fb page,Bookaday,1366675200
B00BTIDXVU,5,admit could predict go happen yet storyline nicky weave character remain highly enjoyable honestly could n't put book love read andthis first time long one 've follow particular writer closely next installment,Enjoyable despite some predictability,1385337600
B00BTIDXVU,4,series worth read enjoy character suspense keep go last page ca n't wait finish reading collection,bored on summer break,1372809600
B00BTIDXVU,4,good read lot drama excitement glad know marla back ca n't wait read aldrich turn question melody father cassandra go good read kane ryan pack get along develops,Lp review,1368057600
B00BTIDXVU,5,love one told pov different character first original character still soooo jealous woman story,Amazing story!,1372809600
B00BTIDXVU,5,keep like mat awesome read absolutely love series start ca n't put,Great!!!!!!!!!!,1371772800
B00BTIDXVU,5,another great book series well write good action mystery passion great fantasy read cant waite see happen damion,loved it,1383609600
B00BTIDXVU,4,almost good mating wait read next book series good writing,The Keeping,1364601600
B00BTIDXVU,4,time draw however overall good read leave eagerly wait next book,A new pack emerges!,1379376000
B00BTIDXVU,5,great story line suspense fill love sit edge seat end,Loved it,1373500800
B00BTIDXVU,4,look forward read next book series keep attention enjoyable would recommend friend,Enjoyable book,1365465600
B00BTIDXVU,5,charles wonderful writer second book 've read 'm ready start third full poo talent beautiful melody write fire e star n't allow,Love the lycans,1405209600
B00BTIDXVU,5,keep fast move interesting light read good descriptive passage charles novel enjoyable read author work charitable organization,Nicky Charles - Paranormal Expert,1369180800
B00BTIDXVU,5,try read one night work night almost eighty yrs old 's great book werewolf lover since lon cheney jr man even sex nice remember fun,Excellent,1364860800
B00BTIDXVU,5,read series get whole picture ca n't put real page turner,Part of the series - great reading,1378857600
B00BTIDXVU,5,next great series love like werewolf ca n't go wrong series,Awesome,1366675200
B00BTIDXVU,5,love one kept guess love character sad see lucy die seem strong character book also sad see greyson die yet aldrich live marla believe suppose book good keep guess unsure feel bear business tho,Great read!!!!,1383350400
B00BTIDXVU,5,enjoy book first one ryne melody try figure something melody interview ryne nature photography really try get information pack book follow two ups down leave back chicago thing take turn worse two ever get figure melody share secret ryne try keep read 's worth,enjoyable read,1381968000
B00BTIDXVU,5,love entire series book different however really n't like fact lucy kill reason especially aldrich would fine without,The keeping,1383004800
B00BTIDXVU,5,great continuation number one love twist turn provide well connection book one lead book three hope prsy another return dead occurs,Great work!,1366502400
B00BTIDXVU,4,love book ca n't beat free could n't put try long figure story many twist turn,Loved it!,1370822400
B00BTIDXVU,5,love shape shifter story however disappointed often start mat realize series read keep second book great read character often endear strong personality good conflict creates rule fine fell love lust ryne mat book disappoint continue wicked way nice book ready number find thanks m charles connect series,I am a new Nicky Charles fan!,1401580800
B00BTIDXVU,5,author fantastic job book thoughtful well write story line truely great author continue produce book enjoy n't find book write keep interested continue turn page read understand mean,Brilliantly written.  A real treat to the Lycan enthusiasts.,1400716800
B00BTIDXVU,5,picture character description get life feel thought wait next move hold whole story wait start next book great job star,Absolutely worth reading,1394409600
B00BTIDXVU,5,book true novel 'm glad someone finally take time write really good werewolf novel captivate g storyline realistic logical really great read,Loved it,1365811200
B00BTIDXVU,5,keep seat way get know people keep,Intense,1378771200
B00BTIDXVU,5,nicky charles reach grabbed held captive oh store favourite pack wolf,The keeping,1390694400
B00BTIDXVU,5,third book author 's lycan series good first two title refers rule book lycan law require werewolves keep presence secret human cost keep pack safe hunt story pick thread previous book mating follow though also character book well play support role book stand alone 's helpful read series order clarity strictly necessary story well craft character well develop interest plot complex enough keep reader 's attention way end story ryne taylor alpha newly establish pack northern ontario ryne half brother kane leader oregon pack 's mechanic well wildlife photographer move ontario ryne take magnificent photo kane wolf form never public display sale wolf betray oregon pack money ryne 's former lover marla stole sell private collector collector mr greyson search year find evidence werewolf u ryne 's photo 's sure 's get good since 's reclusive billionaire greyson set lawyer task find photographer find photo take interview dozens people client lawyer aldrich get ok hire particular investigative reporting student track elusive photographer melody greene take semester college chicago work two job save enough money able afford go back finish journalism degree get pick go locate interview reclusive photographer anonymous client expense pay generous stipend seem good true good turn go last known town nobody seem know go wo n't give real information happen 's nosy see package counter post office brother mail birthday traipse back across continent finally find tiny town stump creek everyone know everyone know 's business friendly like way everyone nice except man need interview 's interested talk amount charm stalk part change mind unfortunately lawyer want result client 's money 's sign confidentiality agreement stick story interview school despite attraction ryne ca n't melody sniff around 's dangerous certainly ca n't tell take picture would endanger brother 's pack get persistent might make disappear n't want happen publishes article give much information brother 's pack evacuate land member die make look like cult suicide dead end follow law keep protect secrecy mel idea ryne stubborn blowing hot cold one day give one camera could experience wildlife photography sleep next 's bar fight want town mel leave town ryne realize picture still memory card old camera let borrow might computer reach realizes give anything lawyer greyson want know picture take ryne time save last pack member brother 's pack stop enact keep heat factor hot,Good installment in this werewolf series,1367971200
B00BTIDXVU,5,keep seguel mating nicky charles good mating ca n't waite read find,The Keeping,1368921600
B00BTIDXVU,4,love book say im shock bad review love hope like excite fun book try book awesome,Great Book,1375488000
B00BTIDXVU,5,first three book series absolutely love know character real deal read author note 'm ambarrased say 've discover nicky female male must appologise crass assumption unlike real life internet allow luxury sniff bottom establish gender 've also discover possibly unique specie right human always tell 's sure least half human must make wereboy unless ca n't wait next book human also enthral series download marco springer spanniel,Pedigree entertainment!,1382659200
B00BTIDXVU,5,love whole story even though werewolf different everything 'm awe people create world within world make real might actually believe 'm grateful somebody generous spend many hour write huge story donate animal shelter thank nicky awesome imagination hard work incredible writer regard mexico,DIFFERENT WEREWOLVES,1366329600
B00BTIDXVU,5,wish world respect family others much would love kind close relationship family partner,Hooked,1365120000
B00BTIDXVU,5,story intrigue hard put great mixture reality imagination must read anyone open mind,Outstanding,1368316800
B00BTIDXVU,4,great new series title technically second include prequel really look forward read thanks nice freebie,Great new series,1372636800
B00BTIDXVU,5,excellent read really enjoy series even read night sleep awesome donate local animal shelter cost least three book thank keep great story,Read all three,1379116800
B00BTIDXVU,3,enjoy first novel mating find one bit lack perhaps lead female character waste time hold like first one,Not so sure,1373760000
B00BTIDXVU,5,read book plain simple great read sex drama action good story line return character mat n't wait read book,NICKY,1388361600
B00BTIDXVU,5,great book recommend series,great book. Recommend the,1404259200
B00BTIDXVU,3,nicky charles always great story line like much last writing style crisper sometimes though think try put much story never fully flesh outwill read rest yes,better,1386374400
B00BTIDXVU,5,great follow first book enjoy story keep follow work wish success deserve billie,The keeping,1366156800
B00BTIDXVU,4,sequel mat see review mat meet kane mate elise see find fall love lot go story let read review catch keep get know ryne brother kane see take melody really tenacious journalism student hire find man take amazing picture kane lot reason keep story melody see ryne try melody great girl character instantly likable want find way ryne become course thing twist turn world see way ryne sort stonewalls every turn make deal ask anything want course answer vague ryne super sexy outdoorsy sexy untamed kind sexy start pack canada try live quiet life peace tranquility picture take brother come back haunt picture could cost new find home peace mind pack even kane 's pack keep tradition wolf community basically suicide pact anyone discover novel see lot worry preparation keep ritual actually breaks heart know discover kill kane expect first pup elise make heart hurt ryne able push back melody turn employer really really interesting reason want know picture end novel find pretty surprising heard lot criticism book action pack enough erotic enough actually incredibly well write engage personal opinion also free read get three book prequel free amazon post link worth read give lipstick like review find,I just really love this series!,1367884800
B00BTIDXVU,4,sequel mat great werewolf series book stand well write good romance plot like shifter book series book matingbook keepingbook findingbetrayed day roguebonded prequel mating,The Keeping,1364601600
B00BTIDXVU,5,far read mat sequel really enjoy book one especially ca n't wait read next one series fact hobby author make book even interest overall 's great story,Great book,1373328000
B00BTIDXVU,4,another great book look forward intricacy story inside story keep come many possibility,The Keeping,1374105600
B00BTIDXVU,5,love nicky charles book ca n't wait till next one develop character story line interest,Great Read,1402358400
B00BTIDXVU,4,good book keep interest make want keep reading enthral series would recommend,Very good,1367452800
B00BTIDXVU,3,read mat enjoy bookwill search mating others nicky charles hope,The Keeping,1372896000
B00BTIDXVU,5,book well write look forward next book keep thank much hard work exceptional writhe love book david,I loved your book,1371600000
B00BTIDXVU,5,great trilogy would highly recommend fun read werewolf infiltrate everyday life good character plot,great,1367539200
B00BTIDXVU,5,glad write get glimpse others character hot steamy mystery action ca n't wait read,Awesome great story,1365033600
B00BTIDXVU,5,really enjoy sequel mat story enough excitement hold interest hard lay book recommend book adult,The Keeping,1367280000
B00BTIDXVU,5,love story like fact 's romance 's family real plot read cassie,awesome book,1383264000
B00BTIDXVU,5,remark 'the find ' main character sure stubborn book 's ok,Yes again,1373328000
B00BTIDXVU,5,love book omg really god read enjoy look forward next book,more,1382745600
B00BTIDXVU,5,awesome book always nicky charles do amazing job love story character great ca n't help keep read end leave want hard time put well write definitely recommended,A must read,1367452800
B00BTIDXVU,5,'s day 'm hooked ca n't stop series 'm hooked say least move next series 's like werewolf shifter great book would highly recommend series,wow what an awesome read,1405641600
B00BTIDXVU,2,since already slog find little patience one n't think even finish,Tried to read but,1378166400
B00BTIDXVU,5,second book 've read nicky charles come love ca n't wait read daniel brian 's story one alpha kanes brother ryne ryne move canada start pack melody green best find since mission get interview artist employer mr grayson mr grayson buy wolf picture interested follow lead finally find nags give interview book funny romantic really good character friendly lovable sex scene hot surprise mr grayson want know paint,THE KEEPING IS A KEEPER,1403481600
B00BTIDXVU,5,novel amaze finish within day find want detail character elise already baby etc,Wow!,1370304000
B00BTIDXVU,5,book whole series really good read well write first start read series realize weres almost put book thank goodness keep read mr charles keep attention thru book could hardly put ca n't wait till next one come next year,A Great Series,1366934400
B00BTIDXVU,4,story keep entertain good mix character development mystery keep interested,Fun read,1364601600
B00BTIDXVU,5,next book mat n't read one n't read one great follow book enjoy,Keeping the rules!!!,1378425600
B00BTIDXVU,5,another hair raise suspenseful book want keep reading finish event book surprise sensual exhilarating last series hope 's good,The Keeping by Nicky Charles,1397347200
B00BTIDXVU,5,stall long possible get end love next one series,hated to see the end!,1379548800
B00BTIDXVU,4,series entertain easy read definitely good choice anyone fan paranormal fantasy book,Good series,1364428800
B00BTIDXVU,5,great series free seriously author suggests donate locally feel need spend money 've do still n't understand work good free,Free,1375228800
B00BTIDXVU,5,nicky charles consistent writer every book series equal one gaping hole fill stand alone wonderful series build character 's build captivate story love part werewolf clan bring possibility life maybe creature exist,Good book,1371859200
B00BTIDXVU,4,another great read although felt like ryne melody resolve issue quickly end wish talk maybe sweet word sooth cruel word say yes say sorry simple easy overall series wonderful become addicted character story,great!,1405036800
B00BTIDXVU,5,story line great ca n't wait read next one nicky charles real good thing go,Another great one.,1366848000
B00BTIDXVU,5,lot humor character banter back forth action conflict hot romance like tell story different point view really see inside mind character fun series,Great follow up to The Mating.,1396051200
B00BTIDXVU,5,wonderful book could put would recommend anxious see book,Wonderful book,1366934400
B00BTIDXVU,5,novel uneasy moment come together spectacular fashion awesome series 'm look forward next book,Great series,1365120000
B00BTIDXVU,4,really enjoy book take lot longer get series love character feel completely connect really love complete story line excite start next book series,The Keeping,1369526400
B00BTIDXVU,5,yet another great story nicky love character fantastic fit well together experience everything melody job cut try get interview ryne n't ready come thing start fall place thing change another problem solve ca n't wait see find turn,The Keeping,1365379200
B00BTIDXVU,5,super series keep get well well ca n't put 's finish mel ryne stitch time wise crack see story develop read ca n't wait read next one series,The Keeping,1372204800
B00BTIDXVU,5,try read twilight even read host enjoy twilight could get first chapter series however much entertain book suggest read best part free,Great story line,1369699200
B00BTIDXVU,4,'m go assume author female also insight male think perform m charles quite imagination,Another good story,1371340800
B00BTIDXVU,5,book one series l would recommend read order bond betrayed mating keep find 'm go lie bond n't good might reluctant finish series trust rest book star amaze 'll understand reading bond significant give insight explain thing well review book wow 's l say 's one book leave series 'm anxious read cry 's swear many twist turn like l ca n't believe happen like l say review mating l ca n't figure happen next l love free downloads book write edit quite well think 's awesome free author asks make donation local food bank animal shelter l read book convince l 's lycans live among u n't know sound crazy l know way 's described 's kept silent actually make sense mean female right mind would n't want amazingly hot alpha steal heart forever bond love paranormal romance werewolf love story series trust n't like give away much info book 'd rather spoil hate people write review bold letter top say spoiler alert n't read n't want know end ' l mean c'mon know curiosity go get best u another awesome book nicky charles definite must read,Omg,1384041600
B00BTIDXVU,4,prologue chicago illinois u room silent except tick grandfather clock stand majestically near doorway faint sound old man 's breathing look one might wonder alive wax figure eye unblinking rise fall chest barely perceptible gnarled hand rest lightly arm chair sit occasional tightening real sign emotion feel pale winter sunlight typical early january valiantly try brighten large cluttered room weak ray crept past heavy velvet curtain cast beam across floor create bright swatch otherwise gloomy interior small speck dust drift lazily faint air current settle laden surface table shelf sculpture figurine book cover every flat inch room similarly artwork fill dark panel wall yet gentleman chair still deem collection paltry inadequate least 'd felt way year search gather everything relate favourite theme finally pay sure panel favourite french spelling 'll move 'm terrible type anyway one open slow painting scene fine keep wait something happen first page 'm anxious way 'm readingfatal transaction thriller suspense cyber crime 'll let know 's good,For me this one opened too slow,1381363200
B00BTIDXVU,5,cant say enough writer story awesome important way write keep read till end,awesome awesome awesome,1387324800
B00BTIDXVU,4,great storyline never saw end twist turn wait read find highly recommend,loved it!!!,1369180800
B00BTIDXVU,5,figure book would ok read n't see could good first one read mat unable put one stay pm finish 'd say wrong another great book,Hooked again!,1365638400
B00BTIDXVU,5,glad nicky give ryne story let u know happen paint love change write style show story character perspective,Loved it!,1375056000
B00BTIDXVU,5,read mat book read one much happen book need background understand good grief could ryne get break keep get dealt betrayal betrayal death book really shocked look shock part along twist n't think ryne could portray much steamy alpha kane boy ryne sexy book literally find talk loud end book hel glad book already,Very good lycan series,1393286400
B00BTIDXVU,5,'s everyday find series follow path different character story line yes character return book n't base character best werewolf series read thus far,Great series,1367193600
B00BTIDXVU,4,keep take story line right mat stop reader feel connect whole pack series,The Keeping kept the same awesomeness as The Mating!,1368489600
B00BTIDXVU,5,read first book series mating shock find book also free finish book honestly say thoroughly enjoy three keep great work nicky charles,Great book!,1385942400
B00BTIDXVU,5,great series love character great twist turn look forward read next book series,GREAT Book!,1364947200
B00BTIDXVU,5,nicky charles thank pay forward free series love read romance novel especially paranormal romance keep treat start little slow long ca n't wait read cassandra 's journey,Fantastic read!,1369526400
B00BTIDXVU,5,good see family expand story continue start next book series,Very exciting,1375142400
B00BTIDXVU,4,book good first still intrigue author definitely know something lycanthropy people want read glad n't wait next book come,Okay sequel,1376784000
B00BTIDXVU,3,whole series unexpectedly good free charge one start awfully annoy heroine even halfway still scratch nerve understand could create interesting world full character self centered bit h somehow magically middle story change somewhat decent person least irritate however book good writing excellent may 's heroine genre would n't regret reading,"Nice plot, good execution, awfully obnoxious heroine",1399248000
B00BTIDXVU,5,secret kill search keeper secret impossible awhile something happens outside normal observant discover another reality,Sacred Laws,1373846400
B00BTIDXVU,4,pretty good series far ms charles tell good story romance action mystery magic story always go together,Wolf,1366848000
B00BTIDXVU,4,love werewolf story really love way nicky charles portray character aspect thriller story make real page turner,Werewolves,1375056000
B00BTIDXVU,5,great fluency collection book book storyline intertwine character well develop love ca n't wait read last book see end,Awesome read,1384646400
B00BTIDXVU,5,another solid piece favorite lycan author nicky charles really enjoyed nice twist make really root couple extremely grateful nicky charles offer whole series free charge,I fell in love again..,1376352000
B00BTIDXVU,5,enjoy book regard wolf keep secret plus bonus fee,JBD,1372204800
B00BTIDXVU,5,great sequel seem get stuck rut near middle otherwise fast paced action pack story new depth lycan theme lot great new character epilogue next book series also great read book hard put janice mote,The Keeping (Sequel to The Mating) by Nicky Charles,1368489600
B00BTIDXVU,5,well write story different kind people think mr spock star trek changleings shape shifter series book series read either timeline order mixed stand alone,Emotionless people and changelings,1384214400
B00BTIDXVU,5,love series law lycans keep another great story nicky charles ca n't wait start 'the find ' please keep come,the Keeping..... keeps you on your toes with a great twist.,1394496000
B00BTIDXVU,5,love action love share book keep come back read good thing 'm break work school,Once again,1388361600
B00BTIDXVU,5,thoroughly enjoy read character fascinate storyline flow well love werewolf vampire story good one,Great story,1367884800
B00BTIDXVU,5,nicky charles continue hold interest interesting story line lycans would definitely recommend book,Very enjoyable,1370736000
B00BTIDXVU,5,book really good take u whole fantasy wolves people myth,Very good,1392422400
B00BTIDXVU,1,like stupid lead female amoral male fairly well write story 'd likely enjoy prefer intelligent character well flesh flaw depth plot move along good pace make sense pack werewolves try remain secret deserve die pack suicide pact proper edit polish potential good book,"Falls short of good with poor design and amoral ""good""",1386633600
B00BTIDXVU,4,keep good book know say romantic paranormal suspence novel think could use little less sex,The Keeping,1374451200
B00BTIDXVU,4,still love author idea story line regard ' book great read long spots character different love go start read next one,"Good, but long",1367712000
B00BTIDXVU,4,good book could wait get end fine go happen ryan rest wolf pack wait read next book,The keeping,1369872000
B00BTIDXVU,5,fall love every person book want know life good,yes more please,1383004800
B00BTIDXVU,5,ca n't wait read next book think need break read book straight finish even though love full length novel feel like take break 're long great job m charles,Loved it!!!! Loved it!!!!! Loved it!!!!!,1366156800
B00BTIDXVU,5,deeply love book could n't put absolutely love romance ryne melody share break heart separate happy end,Comment from a happy reader,1397260800
B00BTIDXVU,5,nd story well write good pace story fun entertain strong sexual content story,2nd story in the Lycon Serries,1366070400
B00BTIDXVU,4,thought plot great twist end however story intend stall drag middle say want know outcome keep read end worth wo n't disappoint,Review,1366588800
B00BTIDXVU,4,mat prequel book nice introduction lycan world create nicky charles even though little vague detail keep much good delf much deep world explain many thing mat n't touch mating could compare stick toe water test temperature keep dive,If you liked The Mating than you will like this more.,1380153600
B00BTIDXVU,2,liked story book series rape scene make come write rare review sneak someone 's bedroom sexually assault excuse orgasm way romantic something approve fiction sexual assault violence control sex book nothing wrong throb thigh sex scene person say go ahead assault thrown shoulder toss onto bed assault wrong eventually give highly enjoy wrong recommend book author would change could easily,Fun story but the rape scenes were bad,1366243200
B00BTIDXVU,5,love write read book donate talented write ca n't put story werewolf story suppose,So good!,1365811200
B00BTIDXVU,3,enjoy book assume british spelling word british,The keeping by nicky charles,1377475200
B00BTIDXVU,5,emjoyed book different run mill romance novel wish move,Again - interesting.,1371081600
B00BTIDXVU,5,free suggest take advantage awesome author 's skill read novel love every one,Love all of Nicky Charles' novels,1367452800
B00BTIDXVU,5,well screw reading order even mistake k owe outcome still thoroughly enjoyed read book wish read proper order ah well secret perfect sorry disappoint back review nicky charles roll type book hope lot read enjoy book,The Keeping (Sequel to the Mating),1390003200
B00BTIDXVU,5,definetly need read series visit author 's website see read order look choice different reading order people choose think author 's follow suit,Still great,1402099200
B00BTIDXVU,5,book follow right mating leaf could put amaze author create character care great story get good good oh co worker argue pronounce ryne case anyone else wonder 's rine like rine fine wish mine 's nicky charles tell write admit bit starstruck,Nicky does it again,1369872000
B00BTIDXVU,5,book amaze blow away twilight far read nonstop ca n't wait start next one love mystery steamy disappoint,Wow!,1389830400
B00BTIDXVU,5,whole series nicky charles terrific recommend well round paranormal story romance action suspense mystery roll book likeable believable character,It was great,1369958400
B00BTIDXVU,4,story certainly peak interest ca n't wait read come next lot element story predictable except twist end quite enjoyable heroine dimwit n't question previous installment series inner monologue also much well story next kept reading always good sign would read another good sign,"predictable, but enjoyable",1365811200
B00BTIDXVU,4,friend mine tell book series 've read book series keep get good plus 're free author sake make donation food bank animal shelter umm ok great cause hope keep series go nicky,The keeping,1379721600
B00BTIDXVU,5,love one ca n't wait read next one one page turner suggest reading book order understand character thank nicky charles make good book free,Another goodie,1369958400
B00BTIDXVU,5,since reading download rest book particular series love continuation character similar black dagger brotherhood series argeneau series etc whereas character story tell bravo m charles look forward work,Wonderful!,1371427200
B00BTIDXVU,5,keep another joy read get away drudgery commute interesting character love read relationship nicky develops,Can you keep a secret?,1377216000
B00BTIDXVU,4,book introduce law pack good guy bad guy also gray guys sure add mystery mix fell love character represent get ta read love,Laws of the Pack,1374105600
B00BTIDXVU,5,great shock find melody werewolf must read last book yeah,The keeping,1368921600
B00BTIDXVU,5,hope nicky charles stop write series withdrawal would excruiating need lycan fix,Can't get enough,1365638400
B00BTIDXVU,5,another book would read pack human become wolf night course lot romance mystery adventure good book,The Keeping (Sequel to The Mating),1377043200
B00BTIDXVU,5,book awesome seamless sequel mating 'm look forward next book series,The Keeping...,1388534400
B00BTIDXVU,4,love series keep build enrich character fan life,Reviewing The Keeping,1378080000
B00BTIDXVU,4,book good deal simple story sure like long story take tell end leaf something desire,Review,1374019200
B00BTIDXVU,4,historically n't care werewolf story prefer read vampire honest avoided werewolf story month husband kindly hint woman know much 've spend book month blow book budget early time find good free book since several book series free rat highly decided heck love werewolf like first book lot like one even well like nicky charles ' write style love character ryne mel like able love take romance develop finally boil book much romance suspense hot sex humor two big problem keep though air grievance spoilers n't read book yet stop reading spoiler ahead oh kill lucy think wonderful could make appearance future book felt kill unnecessary consider major part play book death kind gloss may miss something one minute 's lie pool blood ryne call leave near death still breathe pulse hears ambulance come chapter later ryne mel greyson cassie drama poof lucy dead 're casket send stump river felt ryne mel get death rather quickly consider close whole thing n't sit right second felt blood bond end bit fast seem like mel ryne officially profess love accept werewolf bam mel blood bond rest life n't get wrong really want see two blood bond consider rocky start relationship seem decided upon rather suddenly anyway overall love book excited start book today thanks nicky charles change mind werewolf still upset lucy though,"Awesome, but....",1367020800
B00BTIDXVU,5,love story turn suspense swiss take near end cliffhanger end jump next book,Wow...,1372032000
B00BTIDXVU,3,enjoy book new author enjoy work far skip many detail provide really like story,The Keeping is good,1365379200
B00BTIDXVU,4,rd book law lycans series book read mating make lot reference book book kana 's brother establish pack canada come journalist hire find interview ryan taylor photography job keep secret ware wolf mean necessary,ware wolf romance,1379548800
B00BTIDXVU,4,one good first cuz one funny course book excite romantic like first two laugh loud moment never ca n't wait read next one,Why are the sequels free?!?! I love these books!,1364169600
B00BTIDXVU,5,great story always ca n't wait read next book 'll sad series next one come hope wo n't long wait,Fascinating,1366156800
B00BTIDXVU,5,love reading keep sequel mat hard time put end ca n't wait next book series would recommend series anyone enjoy paranormal romance,The Keeping,1372032000
B00BTIDXVU,5,n't expect free book grab attention like one 'm glad find hope continue story line,good book,1376784000
B00BTIDXVU,5,loved whole series first book free hook whole series hope write book,Great series.,1386547200
B00BTIDXVU,5,'m glad ryne finally get happy end melody perfect sorry lucy ca n't wait see happens reappearance marla together awesome story,Fantastic,1367452800
B00BTIDXVU,4,enjoy installment much last complaint lack sleep put book,Loving this series,1367884800
B00BTIDXVU,5,read book series miss one hope find soon google author see print yet know,Loved it,1396051200
B00BTIDXVU,4,interest story really wish kane elise 're story love relationship ryen melody good read,The keeping,1368662400
B00BTIDXVU,5,book get good well 'm hooked 'm glad find 'mate ' one best shifter book 've read thank,Keep on reading,1387411200
B00BTIDXVU,4,chose rating good book long book take good time read would recommend book anyone love mystery,Good,1395014400
B00BTIDXVU,5,like author writes excite sexy great book start first great book,THe Keeping.,1366934400
B00BTIDXVU,5,keep learn rayne story much fun melody report hire article rayne photography adventure begin story well write roller coaster fun discovery really tense moment suspense pretty great think rayne one favorite alpha ohh hard decide heroine wicked funny smart series keep get well think may get withdrawal do reading,OMG this series is like a drug!,1396915200
B00BTIDXVU,5,nicky charles ca n't wait read next installment read order stand alone,A must read,1364083200
B00BTIDXVU,5,read whole series much enjoy author keep reader get lose thru book much enjoy reading author hop another great series,great writing!!!!,1367712000
B00BTIDXVU,5,sad go start read last book series sure hope author writes especially series,Loving the series,1375488000
B00BTIDXVU,5,story clear coherent colorful snapshot pack life ft however attention devote rune melody ' sexual relationship necessary tell tale sometimes less sometimes much little distract wireless fine story,Killer's review of The Keeping,1391385600
B00BTIDXVU,5,ca n't believe great character stories one best series ever read ca n't wait read next one start bond end find excited character thing capable please keep write make everyone realize werewolf romantic life like u,OMG,1392854400
B00BTIDXVU,3,third book series although write style improve book still level tighten do say book good move story line along believable way integrate character previous book logical manner novel long level repetitiveness event happen throughout easy read would recommend person enjoy werewolf story romance novel paranormal twist,The story of the Canadian werewolves by Nicky Charles continues,1393718400
B00BTIDXVU,5,werewolf culture keep secret extremely important keep everyone safe,What werewolves go through to keep a secret,1376006400
B00BTIDXVU,4,character bad boy ryne back still make lady sigh ryne want brother kane elise ca n't find suitable mate enter melody melody sweet cute girl look earn enough money finish college aware ryne 's reputation lady ca n't help attraction write style love nicky charles write style easy clean repetitive really need hire editor trim unneeded part story make tight free complain skim plot whoopi one super bad boy alpha ryne leave pack brother kane 's leadership mating ready settle melody enters picture naive college girl look earn money school take assignment interview photographer ryne taylor find mysteriously feeling protective know tell everything need know hire buyer werewolf picture take brother man look proof werewolf exist whole way life could danger mel 's hand romance read one lot sensual moment fun read love series feel fortunate get free feel ryne little abusive melody n't stop say three time dominate character nice time may offend action nicky charles talented get new cover sex violence rating r descriptive sex much swearing kill star good need edit get free sequel already,Another Great Story That Needs a Better Cover!,1366243200
B00BTIDXVU,4,great story really enjoyed issue throughout story find couple sentence miss like every page although n't miss much still annoy know love ca n't wait read next one,Great series!,1377820800
B00BTIDXVU,5,really good second book would better read first one know 's go ca n't wait read next one,great,1395964800
B00BTIDXVU,5,definitely favorite series 've read far love character romance edginess could n't put would definitely recommend,Love love love this series,1372204800
B00BTIDXVU,4,love rayne mel whole story interaction twist turn keep story flow like get view book 'm look forward next one,Great book,1364428800
B00BTIDXVU,3,like nicky charles 's book except drag go depth detail every little thing start get bored story line good 's drag much,Good Story Line,1372723200
B00BTIDXVU,4,another good book could wait read next book series would recommend series friend,Great read,1370908800
B00BTIDXVU,2,'ve read book series first want say applies book series put review go author 's website try figure best order read end go chronological order bond mat keep betrayed find overall think story interest clearly n't like would n't continue read entire series prompt read first place good review price ca n't beat free however give star overly redundant find skip great deal want get straight point think could shorten page without lose anything value many thing unnecessarily repeat actually take away plot development author good job develop character storyline need repeat thing 'm think specifically may tell story something happen character 's past multiple time throughout text tell reference put one liner prompt reader remember felt n't give reader enough credit put thing together connect dot everything explain great detail many time story felt drag still draw story connect character hence star reviewer say book available free elsewhere amazon charge keep probably least favorite actual keep law believable enough hard imagine pack go straight drastic outcome read book prior would expect first get werewolf damage control unit involve go different way seem like overreact enact keep law hard believe read book might actually follow emotional connection book really lack mel ryne relationship interesting enough twist mel far fetch even paranormal text without want give much away 'll say happen mel end contradictory something else say text could much well developed reader unable get lose particular story,Decent series,1366070400
B00BTIDXVU,5,absolutely love book series excite get read another one right would definitely recommend book anyone,Love,1377907200
B00BTIDXVU,5,ca n't wait get book find book slow first could n't put think first one good think happen stumble upon one h end p dot together awhile loo e since read book realize book second go third lol,Great book to read,1380412800
B00BTIDXVU,5,could n't put author great job character felt like knew,Wonderful Read,1369008000
B00BTIDXVU,5,keep good read good mating love good read happy end,The keeping,1393372800
B00BTIDXVU,5,book cause lifer werewolve book throughly enjoy time reading series,TERRIFIC,1374883200
B00BTIDXVU,4,like werewolf theme book one series great look forward next one,Love This Series,1375315200
B00BTIDXVU,5,love series download first one free enjoy throughly lead read one could put download next two cant wait start read donate animal rescue request well worth,Great new author,1378166400
B00BTIDXVU,4,love plot story line love cliffhanger want know happen next book need free good book anxious read third novel finding,Amazing,1369440000
B00BTIDXVU,5,really enjoyed reading series never really whole werewolf story line series addict series look book write nicky charles,Great series!,1369440000
B00BTIDXVU,5,think imagination beautiful thing book feed imagination 'm go read find right away,I loved the keeping,1365724800
B00BTIDXVU,3,enjoyed story finally get time line correct mating previously review state good first story read turn first story earlier read book th series go figure one good still enjoy populated universe continue read comfort old friend come back vist,truly a 3.5,1396137600
B00BTIDXVU,4,think anything mystery suspense stand honestly little shocked end ca n't tell feel ryne think lot way alpha careless melody hand able connect dot many clue throw n't even question possibility front find bit odd ryne careless last minute opinion 's almost like n't think thing fully make decision act previous book alpha 's like kane reno rafe n't leave trail clue behind honestly anyone melody secret might already think big problem book ryne believable alpha sense n't strong n't lead way careless least point view instance mel 's apartment know serious situation yet leave mel lucy n't send lucy run errand instead know would happen mel spill secret knowingly unknowingly especially information find opinion careless especially many people life depend fix thing enjoy banter ryne melody offer laugh like say think best part book suspense secret mr greyson unfold pleasantly surprised thing reveal also n't believe romance lack conversation thing together sex graphic ryne really mean mel like whoa make crawl knee beg forgiveness halfway book hook many thing happen n't even notice spent hour glue book find would reveal next good read,Interesting little shocker at the end...,1365638400
B00BTIDXVU,5,love law lycans series excellent character development creative story line make interesting fun read,The Keeping,1365724800
B00BTIDXVU,5,hurrah nicky charles keep sequel mat real winner definite must read hardly wait next book book suspense mystery intrigue romance true hea read 'll love,Two for two,1364947200
B00BTIDXVU,5,really great series read nicky charles do great job character good job,Nicky Charles,1375747200
B00BTIDXVU,2,third book series serious disappointment find hero really creepy stalk female even sneak window 's sleep sex sorry creepy heroes n't style 're suppose honorable n't,Disappointing Third,1370476800
B00BTIDXVU,5,nicky book good pull begin write loved storyline intrigue weave character especially like strong male character alpha wolf passion book like others write author well do descriptive oh good far read three book series ca n't wait read others read,Another great book by Ms Charles,1388707200
B00BTIDXVU,4,usually love nicky charles ' book especially series book however little weak nearly good one however give star still fun read,OK,1381276800
B00BTIDXVU,4,usual genre 'm really enjoy series 've read bond mat keep liked story like twist love series progressing ca n't wait read next story,good story,1373673600
B00BTIDXVU,5,nicky charles amaze author great style show develop story hook put truly loved character various dynamic fee eachother others amaze series book read order love mention others character past story keep u want story right amount heat keep loin aflame nicky antcipates audience need make story complete add twist think happen great job,Amazing story,1367884800
B00BTIDXVU,5,good nicky great create flaw intriguing character draw amaze story great book,Wow!,1372464000
B00BTIDXVU,5,book free promise reading first one would pay rest series prior read lycan book find one since hold interest,Great series,1376438400
B00BTIDXVU,4,like character story line twist turn girl end take long enough bring back wonder happen 's pretty cool read,Pretty good,1389916800
B00BTIDXVU,5,love book much read three time since sweet romance young man willing search young woman try vain cover really start heart warm two discover reveal 's secret come grip villain want destroy way life nickey charles way draw make plot believable entertaining end simply could put discovered part series four book read well dissapointed book recommend lover paranormal romance mixed suspense bud relationship wonderful read,A delightful story I enjoyed.,1363910400
B00BTIDXVU,5,think best werewolf series ever read love character depth love visualization get read highly recommend book,Best Werewolf series,1392940800
B00BTIDXVU,5,suspense story rivet nicky know keep guess even typos thoroughly enjoy sequel mat look forward find impressed nicky integrates background history explanation critical information n't hinder stall action story pace story wonderful bread crumb throughout story cause jump conclusion later reward smile ahhh wrong definitely story far need brought big screen least silver screen thanks nicky write story enjoyment start reading find,A thrilling sequel with a wonderful love connection!!!!!,1366243200
B00BTIDXVU,4,book like others series well write good character lean toward romance plot pretty predictable good light read,Entertaining,1377302400
B00BTIDXVU,5,great book love first one love one well read find keep write lady,Another great one,1365638400
B00BTIDXVU,2,kind read say n't care type book sorry,The Keeping,1370217600
B00BTIDXVU,4,continuation bond character interact still little slow interesting read,not the sequel,1366329600
B00BTIDXVU,3,book also free download story continue mat bad boy brother kane relocate canada establish pack find way story little slow initially soon evolved action pack story end true end rather begin story next book enjoy story usual story type,The werewolf  saga book 2,1365206400
B00BTIDXVU,5,good first two look forward read next book like werewolf like,The keeping,1370217600
B00BTIDXVU,4,favorite series hopenickly write ther series hard put,My favorite.,1379548800
B00BTIDXVU,5,series free 's captivate story ca n't wait read next one 'd problem pay nicky charles novel,The Keeping,1378166400
B00BTIDXVU,5,read point one good first one next like well book write good conscription place people make feel like see,Good read,1366243200
B00BTIDXVU,3,like book free actually plot point great get hear different character story,Great book,1369612800
B00BTIDXVU,5,story great one surprising unexpected twist make difficult put recommend series,Wonderfully fun read,1372032000
B00BTIDXVU,4,story interest love affair make wonder werewolf human work yet finish book plan continue finish,keeps your attention!,1375401600
B00BTIDXVU,5,great read flow well first book excite read next book series,Great,1373846400
B00BTIDXVU,5,start st series hard set good story line keep edge seat something reread cause darn good,Great SERIES!!!!,1367539200
B00BTIDXVU,5,love series great twist ryne melody make great book writer amaze job book,Ryne and Melody,1364774400
B00BTIDXVU,4,second book series actually like one good first well write free book 's say lot ca n't wait read book three 'm go start call finding,Worth reading,1373241600
B00BTIDXVU,5,another great read next adventure ca n't wait read cassandra hopefully bryans story lol thanks nicky charles share talent write great story reader like love get lose story,Book 2,1391990400
B00BTIDXVU,5,thoroughly enjoy book series love character come together book gon na start next one right,The Keeping,1376870400
B00BTIDXVU,5,great book leave look forward next book find happen character next,Great !,1369180800
B00BTIDXVU,4,protagonist pursuer interest story enough different facet keep interested lycan aspect story particularly intriguing rivet little disappointing overall enjoyable diversion character matter enough want follow development suddenness burst passion leave bit awkward aftermath work well early story leave end union feeling bit force,"quick, easy, interesting read",1388448000
B00BTIDXVU,4,omg ca n't believe wonderful book something guess right away sneak tell blow end make sure read mat first little lost,Omg,1365984000
B00BTIDXVU,4,little predictable still good story twist easy figure early still want know would reveal,:),1370736000
B00BTIDXVU,5,wow book keep edge seat still provide hilarious scene 've read thoroughly enjoy page turner tension build character find caught character ' personality interaction amuse downright funny well seriousness stake present author put reader truly omniscient position find suddenly scream invisible tv screen quite read wish book write humor one romance author tend able create drama suspense humor ingredient seemingly difficult exude,Intense,1402876800
B00BTIDXVU,5,read book could n't put one finish good book,Really loved this book,1371859200
B00BTIDXVU,5,fourth book nicky charles 've thoroughly enjoy plot twist way weave character book current story amazing ca n't put book ca n't wait start read next book sex scene invigorate male character truly something lust,A very intriguing tale!,1369872000
B00BTIDXVU,5,fall love werewolf think like book though creatively link separate story look forward see tie together make fun adventure,Loving it!!,1365292800
B00BTIDXVU,5,read could n't put one read wee hour morning ca n't wait start next one,Awesome,1366070400
B00BTIDXVU,4,nicky charles keep love seriously crave book character strongly suggest book fanatic love paranormal romance must read storyline series never appreciate romance touch well series must read,The Keeping (sequel to The Mating),1372809600
B00BTIDXVU,5,story lin keep get well book character awesome funny serious great friend person creature ready go limb see love book read bond ad finding time nicky charles book star way,WOW - Another Great Book,1368835200
B00BTIDXVU,5,love mr charles incorporate enough original pack involve reader pack amaze storyteller,Fantastic!,1366070400
B00BTIDXVU,5,mr featherpicker review talk get catch mystery whew finish keep almost trip get next one story like n't catch total attention long long excellent write excellent continuity excellent character development 'm almost point m charles write book form alphabet 'd read many thanks excellent story,This is just too good!,1367107200
B00BTIDXVU,5,saw free load think yes ok wrong book excellent read fact load rest hope wo n't disappointed character build great make feel deep story complicatedand depth feeling except reality real lifeand fact nicky ask donation animal rescue kind book must take time writethank,very entertaining,1382313600
B00BTIDXVU,5,great storytelling would rather less sex scene enjoy book likely keep go next one,Good read,1366848000
B00BTIDXVU,5,really enjoyed reading series character plot twist keep get well well kindle version book space issue word use right broken antler space miss six time throughout book word prior break antler attach word 's big deal thought would point reader aware issue read final story find since read bond betray prior read mat keep,Great series!,1364428800
B00BTIDXVU,3,enjoy reading book nicky thanks free read keep interest could put watched wave beach l would figure would happen next beforehand enjoyable read,The keeping,1378339200
B00BTIDXVU,5,every book read series draw deep world lycans love book hope see many come book plenty fun excitement sensual prowess love love love,Awesome read!!!!,1371772800
B00BTIDXVU,4,could n't believe free book drawn plot immediately enjoy character old would like believe really hero ',WOW,1391817600
B00BTIDXVU,5,love mystery exactly mel try hard get interview also love think reason behind plot go one direction reality go another 's great book eye,I think by far this one is my favorite in the series.,1395619200
B00BTIDXVU,5,glad finally read one whole series awesome nicky charles excellent writer right point,The Keeping,1377216000
B00BTIDXVU,5,book wonderful balance real world fantasy character strong interesting n't feel like force clich eacute melody go school e reporter get well pay job research photographer much photographer story begin enjoyable,wonderful read!,1382140800
B00BTIDXVU,5,great book ca n't wait read rest love character story line keep edge seat,Loved it,1365379200
B00BTIDXVU,3,really love series 's become bit redundant drawn wish compress scene back forth ryne mel could shorten know lead mate would nice cassie 's story introduce much earlier go background pack spain since ryne 's new pack member pack also wish lucy survive attack get attach idea find happiness,Too Ryne and Mel wish there was more Cassie,1371081600
B00BTIDXVU,5,really enjoy book could n't put would definitely recommend anyone 'm excite read tie together end,Great series,1387929600
B00BTIDXVU,5,love book could n't believe read book great ca n't wait read find,The Keeping (Sequel to The Mating) by Nicky Charles,1365033600
B00BTIDXVU,4,read book nice reading time live stuff go nice get away,Hey!,1381622400
B00BTIDXVU,5,book series nicky really nailed wish book would love follow old pack woods new pack canada interesting storyline,Fantastic,1377907200
B00BTIDXVU,5,love story ca n't wait read next story would love hear daniel story bryan 's,The keeping,1370908800
B00BTIDXVU,5,absolutely love book awesome well first book series jump next book immediately foot highly recommend series mating first book wo n't lose start keep first,The Keeping,1364860800
B00BTIDXVU,5,far book good ca n't wait read next one enjoy,GREAT READ,1367452800
B00BTIDXVU,5,really awesome book love werewolf book detail u feel like actually character must read,Awesome,1378944000
B00BTIDXVU,4,good book get others series enjoy type book say get enjoy,Good,1368316800
B00BTIDXVU,4,edge seat suspense go happen next kill way read betrayed,The keeping wow this was fantastic,1373932800
B00BTIDXVU,5,read book number series thought would n't eager read next however wrong book everything book number one add bonus comedy well find laugh loud quite time stay true series end bang speak leave want ca n't wait read,2 books down,1365379200
B00BTIDXVU,5,ca n't wait read rest series hard put finish want keep learn new thing character,Surprise ending!,1367366400
B00BTIDXVU,5,star enough book great story go along mystery romance character charismatic ca n't wait read next book,Great!,1370390400
B00BTIDXVU,5,book keep toe begin end thoroughly enjoy series book,Remarkable!,1370563200
B00BTIDXVU,3,third book series read even though 's paranormal book 's also good romantic suspense story,The Keeping,1388448000
B00BTIDXVU,5,book great read keep guess go happen would highly recommend,I Love it,1373155200
B00BTIDXVU,5,book draw keep want put book series make sure read proper order check web site nicky charles right order,GREAT!!!!!,1381708800
B00BTIDXVU,3,keep sequel mating book unnecessarily long book chapter nothing happen except h h wonder really since already know thier chapter speculate get really old melody could n't keep leg close man treat like crap ryne arrogant rapist love relationship sex fight likeable character rape ryne climb window virtual stranger middle night sleep sucked breast fingred snuck think someone might cabin terrify felt violate felt like throw use excuse wolf make really viciously cruel admit rape werewolf decide definitely love last book finally get story line twist lead next book,nothing happens for 27 chapters,1364860800
B00BTIDXVU,4,nicky start story ca n't put book great book read want curl loose story,How fast can you read?,1379203200
B00BTIDXVU,2,te author romantic writer fantasy world resemblance reality like romantic novel love series,Same old same old,1401148800
B00BTIDXVU,5,book get good stop reading hope 's long story tyne sound like real hunk,Loved it,1377648000
B00BTIDXVU,5,love series book wonderful twist turn keep puzzle flip page try link everything together wait read next book want series end turn,Love this series,1370217600
B00BTIDXVU,5,author amaze captivate series strongly strongly recommend read series action love loss betrayel everything want paranormal series,Loved!,1368316800
B00BTIDXVU,3,read several nicky charles book enjoy plot character development find skipping page several time particular story since character spend little much time reflect action think thing look forward find hop wo n't skip rumination character,Great Story too much thinking,1372636800
B00BTIDXVU,4,book great mating 'm glad found series n't usually read paranormal series change opinion,wow,1378166400
B00BTIDXVU,4,'ve enjoy character three charles ' lycan book 'm excited series continue book n't disappoint pushed story along set next one really well character enjoyable although struggled accept believability situation still even fun read,So excited for the next book.,1365984000
B00BTIDXVU,5,nicky charles do book good mating well give great insight world lycans look forward read next book find,Another winner!,1389916800
B00BTIDXVU,5,read book author truly enjoyed every single one sorry,Keeping,1389139200
B00BTIDXVU,5,book fantastic love every page book read book alone read order like know happen pack mate highly recommend book love werewolf story like,Fantastic Book.,1366848000
B00BTIDXVU,3,book entertain piece fiction read sequence two book n't seem matter except decide read two since one capture essence,Werewolves?????,1368921600
B00BTIDXVU,5,second book series disappoint writer know tell good werewolf story describe character clarity never bore except intimate graphic love scene unless enjoy detail mature adult content skim part love author introduces new character story build next book next book pick right last leave romance drama laughter tear fall love family werewolf story tell human form wolf characteristic intertwined personality change wolf form time 'm hooked ca n't believe book free love author style write,Amazing,1368316800
B00BTIDXVU,5,really enjoy development series disappoint ryne melody 's story romance action intrigue excellent story,A wonderful continuation of this series!,1364774400
B00BTIDXVU,5,read two nicky charles ' booksthe mating law lycans nowthe keep sequel mating find totally entranced take lycans werewolf expertise create thorough background story provide fun read anyone like steamy romance novel sequel story depend reader readthe mating law lycans order understand ryne taylor move northern ontario melody greene follow kane elise hero heroine mat ryne 's relationship melody evolve whereas kane elise put together arrange mating ryne melody learn love sequel many way well sequel highly encourage reader romance novel give book try,Better Than Most Sequels,1366675200
B00BTIDXVU,5,story line continue although love part heavy overly detract plot good read hold attention,Good series,1366329600
B00BTIDXVU,5,enjoyed way story lay keep reading till get finish great action love story one,Real well Written Story,1401408000
B00BTIDXVU,5,nicky keep series connect book book interesting keep involve story,Nicky continues the series with this interesting books.,1375142400
B00BTIDXVU,4,great new pack like way flow gene become werewolf bite cut look forward next book,Book worm,1367798400
B00BTIDXVU,5,wow change bond bond mating keep see nicky charles grow author rat bonded star think plot potential disappointed n't take anywhere dwell much insecurity character thing get considerably well mat still little disappointed felt like nicky edge show great writer really somehow miss mark along come keep bang hit park character intrigue believable none insecurity drive drink reading bond plot full really good twist turn keep guess relationship mel ryne go go get end like good author nicky set next book n't read anything nicky highly recommend start bond move mating read keep rating bond aside good read keep well entertained mating set stage keep really enjoy read great thrill see nicky charles grow author truly felt like listen comment read book pick everything say incorporate next book yes talk loud read nicky read review book listen comment read lycans really good hearing know however way go nicky really think nicky great author miss n't add book must read list start law lycans download betrayed,Watch Nicky Charles Grow,1373328000
B00BTIDXVU,5,mat fee sample think write great downloaded free 've finish,A must read after the Mating,1370044800
B00BTIDXVU,5,story continue fascinate keep edge seat delightful character good plot lot action n't get much well,As good as the first two,1403308800
B00BTIDXVU,5,thrill able read appreciate great series everything would want book already next book download start reading,Great series,1365638400
B00BTIDXVU,5,great story action pack well love story n't agree outcome lucy visit ca n't wait read next story real gift reader even 're character change form series must read,The keeping sequel to the mating by Nicky Charles,1366675200
B00BTIDXVU,4,wow emotional roller coaster till end talk captivate pull story twist story expect take surprise make wonder go take enjoy character really believable right amount sweet sexy right amount angst suspense wonderful story well do nicky well do series captivate ca n't wait read next one,Avid Reader,1376611200
B00BTIDXVU,5,like plot story read mating could put book look forward read next sequeli donate love offer local food bank humane society thank awesome writing,THE KEEPING,1367107200
B00BTIDXVU,5,awesome series love book one dull moment could see make movie series write well applause thanks keep entertain,Fantastic series,1366761600
B00BTIDXVU,4,good book action humor drama love story like find,Keeping it,1405468800
B00BTIDXVU,5,book keep get well good read plan read rest series story plenty interesting character drama,The Keeping,1371600000
B00BTIDXVU,4,charles pen another zinger keep sequel mat one follow zane 's brother ryne attempt form pack wild least small town canada battle dangerous attraction melody greene inadvertently threaten everything hold dear enjoyed ryne 's internal power struggle inner wolf know sentence little redundant know mean wolf part human wolf combination make werewolf seem distinct influence people book first course dominant arrogant dead sexy would hard complain little trouble imagine photographer n't strike artistic type melody spirit show enough back bone make like enough become bitch pun intend virolent repartee amusing could n't help root couple liked twist mr greyson likeable bad guy small reveal concern secretary end subtle well place send shiver spine n't think 've see last yet really enjoy keep work bond write nicky charles quickly become one new favourite never hurt law lycan book free smashwords highly recommend pick,like it,1363737600
B00BTIDXVU,5,enjoy read book many turn expect make reading interest look read third book sequel,The Keeping (Sequel to the Mating),1366502400
B00BTIDXVU,4,friend recommend read lycans sequal must admit book outstanding enjoyed hour read could put book,Hours of good reading.,1400371200
B00BTIDXVU,4,great book go well sequel ca n't wait read think great read awesome detail age appropriate young adult,The keeping,1367712000
B00BTIDXVU,5,another great book love series great plot vivid detail great storytelling must read,Amazing!,1374969600
B00BTIDXVU,5,want know mean read book read ms charles ' mating fell completely love ok mean write really n't know personally though 'm sure 's lovely woman get hooked love werewolf wolf shifter story read lot 'm quite discern normally would never pick book mat title breed matter read synopsis grab read one day bam new author high chart wait 's fact book series book sequel another hour read quite shock find even good first mel ryne laugh riot serious humor go even melodrama surround also really liked anthony greyson ok 's sort spoiler figure bryan daniel back kane elise helen heavy drama love book since find book start tonight right dallas 's melodrama probably bleary eyed work tomorrow spending lot time men 's room kindle phone,"Blink Twice for Yes, Three Times for No",1363564800
B00BTIDXVU,5,author n't let love way keep reader interested story ca n't wait next book,Romantic,1380585600
B00BTIDXVU,5,read mating love could n't wait read keep like read series book get chance really learn character background really make tick book follow bad brother think rayne move away started pack daniel bryan good story lot action course love story really drive read book powerfully erotic wonderfully write ca n't wait read next book,Second in the series doesn't disappoint!,1372464000
B00BTIDXVU,3,ok bad series part get bit draw though bad way escape reality,ok,1377043200
B00BTIDXVU,4,shift character however give update character previous book first percent book ok draw however felt almost bore maybe havent give break book dont know kept read anyway im glad becuase book pick halfway get much good omg wait epilogue cant believe talented author amazing world,"good, then boring, but picks up",1375488000
B00BTIDXVU,5,excellent follow first book mat story line fast pace intense love scene graphic highly likable character page turner adult book,Law of the Lycans #2,1375747200
B00BTIDXVU,4,love series nook bring kindle love nicky charles,The Keeping,1400716800
B00BTIDXVU,5,enjoy series much would recommend anyone enjoy great book h laugh cry cheered w thru start bond betrayed mating keep find happy reading,The Keeping,1387324800
B00BTIDXVU,5,really good time read keep thoroughly enjoyable read book author matter fact read whole series please go either donate local animal shelter volunteer like reward help creature shelter fault,The Keeping,1367712000
B00BTIDXVU,4,download book n't realize book nd book series problem understand jest book skim area book find wordy time say enjoyed book find character intrigue find whole series free much good get nicky charles ask donate book would cost charity nicky go prove 's become rich write enrich u storytelling play forward look forward read st book book series,"Intrigue, romance and werewolves",1380153600
B00BTIDXVU,5,yet another great story author look forward read next book hope still come,Loved it.,1372809600
B00BTIDXVU,5,impressed book nicky charles pull right story fininshing last book 'll ready,Read these books!,1366502400
B00BTIDXVU,5,n't want put book look forward next book thank nicky charles fabulous read,Way to go!,1394236800
B00BTIDXVU,4,ryne melody 's story captivate well write cliffhanger end perfect bait segway third book hopefully 's cassandra highly recommend lycan series,The Mating sequel was a pleasure to ingest!,1366502400
B00BTIDXVU,5,book entice seductive edge seat kind story sexy bad as ryne taylor draw sensual woman read story recommend mature reader,Hopeless Romantic,1369872000
B00BTIDXVU,3,would recommend read young adult age content mature teen reader story seem gear teen reader much graphic sex age group,Nice easy read,1371254400
B00BTIDXVU,4,author build wonderful character drive plot ryne taylor sexy alpha set establish new pack melody greene journalism student research work photographer rick client spoiler say enjoy early story like one,Another great stride in the saga,1367971200
B00BTIDXVU,5,really love nicky charles story 's ca n't wait start read find give five star,Awesome like the rest !,1381104000
B00BTIDXVU,5,say much give much away would n't want ruin anyone 's opportunity thoroughly enjoy read,Awesome Read!!!,1370908800
B00BTIDXVU,4,one really hold captive love spunky heroine dash rugged bad boy center man though tad bit disappointed end 'm look forward find next series enjoy bit follow previous character interweave suspense really nail biting look good read flunky check series judge,"I really liked the Mating, but this....",1396915200
B00BTIDXVU,5,love set book get pull story excitement love go sad 'm do,Fantastc,1383782400
B00BTIDXVU,5,read book series great would recommend anyone enjoy paranormal wolf story,Wonderful read.,1370822400
B00BTIDXVU,5,okay let start say book fact whole series free author ask reader consider make donation local animal shelter food bank pretty awesome think book like book even previous one lot tension main character easy see much fight inevitable however like previous book find lead female bit naive whole premise track ryne interview time become clear specifically choose city girl shock n't least suspicious people choose job like one detail lot go story really enjoyed description small town set aspect new pack forming interesting also enjoy somewhat sinister old man seem orchestrate everything happen mel 's life enjoyable read,Possible Spoilers!,1367107200
B00BTIDXVU,5,melody greene hire job find nature photographer ryne taylor interview work specially wolf photography find man stubborn obstinate person ever meet ryne taylor n't need complication come m greene try interview shifter sacred law keep darn woman get enact bad inner wolf n't want hear definitely ideas two ever page come feeling feel towards law keep apart read,The Keeping,1378771200
B00BTIDXVU,4,nice get small home town feel ryne live liked descriptive narrative area almost could smell pine snow good story full intrigue surprise lot fun chaos throw action 'm enjoy series much,Can't stop reading these stories!,1398038400
B00BTIDXVU,5,love story much first one funny passionate romantic ca n't wait read rest series,Second as good as the first!,1369785600
B00BTIDXVU,5,really enjoy listen book author provide great detail amaze transition story line amaze,Great book!,1399334400
B00BTIDXVU,5,fantastic story line twist turn alfred hitchcock absolutely love author way tell story visual recommend read thing write,Great series,1366934400
B00BTIDXVU,5,book hard stop reading ca n't get anything do fast paced unpredictable interesting hope good first two,Love it!!!,1367452800
B00BTIDXVU,5,author create group character hope see many future recommend anyone like twilight saga,Loved it!!! I can't wait for the next in the series.,1374019200
B00BTIDXVU,5,absolutely love author series wish book would read love nicky charles ' work,love this series,1377993600
B00BTIDXVU,5,ca n't stop reading want know happen feel like 'm story hold breath scape mel catch aldreich greyson awesome awesome book keep self fiction mind feel true fiction 's interesting story think everyone love read recommend mat keep every friend ca n't wait start find good job nicky charles thank wonderful book,Awesome,1366502400
B00BTIDXVU,3,good plot twist story like ryne melody tough heroine nice see enjoyed character book even book mating series get good better,Keeping,1389657600
B00BTIDXVU,5,'re miss pick series collection make fall bit love werewolf,kept me up all night,1391904000
B00BTIDXVU,4,loved story enjoy idea werewolf vile violent creature exist nature appeal sense spirit story well write overly detailed,Enjoy this read,1385424000
B00BTIDXVU,5,absolutely love series chomp bit pick next one really hop overall happy end,Tiffk,1369094400
B00BTIDXVU,5,always skeptical come free book yet third book series read author continue amaze book fresh new story line meet many character previous book story continue last book leaf book bite nail god 's sake suspense phenomenal race time real melody tyne along kane pack love heroine book melody normal girl try pay college golden goose drop lap easy enough write story come artist ryne taylor could possibly go wrong alpha wolf want privacy far mel go get want love book,Amazing story,1372377600
B00BTIDXVU,5,series quickly become one favorite capture attention fire imagination thank nicky carter,A keeper!,1369008000
B00BTIDXVU,4,book free seriously wow enjoyable book series fantastic ca n't wait read next one glad download read enjoy,LOVED,1368144000
B00BTIDXVU,5,entertain read hard put romance story enough action intrigue keep simple satisfy story,a great read!,1368316800
B00BTIDXVU,5,really enjoy character especially camaraderie main character also introduce new character story line,Great sequel,1393113600
B00BTIDXVU,4,thank m charles wonderful book story well thought write care love word true writer share tell everyone know like type story read enjoy thanks author wonderful brain vacation,The Keeping.,1373500800
B00BTIDXVU,5,okay start bond th precisely stop finish find pm last night book delicious sink claw enjoy ride character intrigue feel know time 're finish nicky charles genius absolutely love book mat favorite like start series hop get writer 's block must say miss charles sufficiently help inspire thank 's got way word sex romance definitely fan recommend book 're supernatural romance werewolf steamy passion,I dare you to try and stop after reading just one book.,1367366400
B00BTIDXVU,5,would highly recommend book whole series great author brings character life would give star could,Great book,1370649600
B00BTIDXVU,3,great read page seem either miss kept skip make follow story difficult,Sticking,1370217600
B00BTIDXVU,4,really enjoyed wolf series hope nicky charles continue write look forward next one,Excellent read,1370217600
B00BTIDXVU,5,love series love way write start find right away thank nicky charles,The Keeping,1372896000
B00BTIDXVU,4,enjoy read story already read two book wish author number bit confuse read order would recommend either set read singly fun read good story line keep interested,Good book,1368748800
B00BTIDXVU,5,last time 'll say book wonderful really enjoy werewolf romance like animalistic nature story way character loyal werewolf thanks nicky charles,Great series,1377648000
B00BTIDXVU,5,another quick read hold interest love character ca n't wait read third series,Loved the sequel to The Mating,1366329600
B00BTIDXVU,2,describes everything goodness much skipping page page page finally give delete kindle thank god free,Too much diescription,1386288000
B00BTIDXVU,4,author awesome imagination plot deep climactic also put right amount sensually descriptive love scene character whole series highly recommend,AN AWESOME BOOK WITH A CLIMACTIC PLOT AND DESCRIPTIVE SENSUAL ROMANCE! VERY HIGHLY RECOMMENDED!!,1371513600
B00BTIDXVU,5,love author book recommend lover supernatural romance wolf fun character read great detail story line,loved it,1395273600
B00BTIDXVU,5,entertain sequel mat another spellbinder first page last course inevitable cliff hanger end look forward next series,Super!,1366070400
B00BTIDXVU,4,finish keep enjoyed suspense romance story great book quick read make summer even enjoyable thank make available free kindle fire hd,Hot romance,1373414400
B00BTIDXVU,5,enjoy twist one stood independently previous account prefer book author make story complete leave reader hop another good story,Finished,1368489600
B00BTIDXVU,4,omg sequel character fascinate setting describe well one actually see mind eye story line rivet keep want,The Keeping(Sequel to The Mating),1369008000
B00BTIDXVU,5,another good one good author lot werewolf lore always sexy bit romance male werewolf chase girl werewolf ca n't go wrong,A+ For A Great Werewolf Book,1364256000
B00BTIDXVU,5,love itloved awesome read fantastic author could n't stop read stayed night finish love,Smoldering,1368576000
B00BTIDXVU,4,best sieries hook every since read mat love female lead spunk fiesty,I love Nicky !!!!,1369008000
B00BTIDXVU,2,believe able finish book really could n't get book n't start melody find ryne interview photography find ryne discovers 's go easy get interview private person n't want snoop around house life ryne want melody go something attract ca n't figure melody also stand ryne something bring closer 's constantly want know hide think idea book good felt way long main story actually seem story draw reason lot thing happen could do without keep story track get quite bore time towards end get good overall fan book read next one,"Long, and drawn out.",1365984000
B00BTIDXVU,5,love book series fun read pretty hard put also like book free,Loved It!!!,1376784000
B00BTIDXVU,5,absolutely love book series full excitement intrigue action right amount erotica would absolutely recommend read book series ca n't wait start next book series,OMG,1369526400
B00BTIDXVU,5,love werewolf series book nicky charles keep interested hard put,great book!,1371168000
B00BTIDXVU,3,book great like mat well like worldly creature bear wolf hot,The keeping,1370390400
